timestamp,open,high,low,close,volume,amount
2025-10-23,320.023,342.3063,317.23523,338.04135,1.1456065e+07,3.7978138e+09
2025-10-24,343.8396,346.1285,340.27493,342.07388,7.050143e+06,2.458709e+09
2025-10-25,348.72684,357.84616,345.43323,354.49362,7.99167e+06,2.79105e+09
2025-10-26,354.83252,351.3528,347.2205,348.25497,7.3916445e+06,2.511627e+09
2025-10-27,347.718,357.52658,343.94214,354.97702,1.016681e+07,3.485567e+09
2025-10-28,337.80865,351.6996,337.00275,349.37262,1.2939377e+07,4.2792993e+09
2025-10-29,344.40842,366.2002,339.38873,363.1634,7.741995e+06,2.7069563e+09
2025-10-30,362.62122,364.60086,353.23102,357.75507,7.603324e+06,2.6611663e+09
2025-10-31,362.50394,366.007,356.86472,360.16644,6.271751e+06,2.1986442e+09
2025-11-01,364.00653,377.70038,359.2453,372.67862,1.0767083e+07,3.7596657e+09
2025-11-02,376.33734,383.72137,370.43124,378.13974,7.3229995e+06,2.5783813e+09
2025-11-03,400.28763,411.1108,374.57187,391.03882,1.0076906e+07,3.7184061e+09
2025-11-04,393.44696,396.20435,379.04617,382.64935,9.071211e+06,3.294077e+09
2025-11-05,394.78305,402.85217,385.28784,394.72336,7.756744e+06,2.8074793e+09
2025-11-06,391.9971,391.4926,361.5483,367.63525,1.7618548e+07,5.9930296e+09
2025-11-07,366.33215,369.3055,352.46124,357.99478,1.1081919e+07,3.789824e+09
2025-11-08,357.1233,363.3058,344.97006,353.79633,1.5435051e+07,5.2332733e+09
2025-11-09,355.37195,369.4459,357.66162,356.6017,1.4839814e+07,5.07667e+09
2025-11-10,347.2336,360.19403,335.20767,344.17474,1.3169749e+07,4.478141e+09
2025-11-11,339.9209,341.39264,330.2287,332.43295,9.68084e+06,3.259766e+09
2025-11-12,323.483,327.29343,307.76358,316.3807,1.4923396e+07,4.840998e+09
2025-11-13,311.93173,322.96512,302.94547,310.01828,1.73715e+07,5.6186163e+09
2025-11-14,309.84872,318.71112,302.82086,312.18134,1.5962151e+07,5.1658665e+09
2025-11-15,307.29916,318.67902,305.15314,315.077,1.2508182e+07,4.0170125e+09
2025-11-16,313.97546,317.33185,300.41187,313.6209,1.2269682e+07,3.9673388e+09
2025-11-17,310.09735,320.21115,299.23325,321.9794,1.1556744e+07,3.760477e+09
2025-11-18,322.31815,324.1288,312.6416,317.35925,8.391699e+06,2.8100618e+09
2025-11-19,323.69244,325.565,319.04153,320.20407,8.390363e+06,2.8156882e+09
2025-11-20,325.04684,323.53586,316.2852,314.66574,8.315202e+06,2.7859994e+09
2025-11-21,308.2559,329.2535,303.76242,319.98303,8.948216e+06,2.9390167e+09
2025-11-22,319.96475,328.11087,320.27728,328.27463,9.190134e+06,2.9841088e+09
2025-11-23,327.83905,325.99094,313.7711,328.96063,8.429905e+06,2.7897738e+09
2025-11-24,334.15796,333.0184,320.48566,319.28928,9.112095e+06,3.0709036e+09
2025-11-25,324.6679,339.96582,322.4174,336.99396,1.1154781e+07,3.7063107e+09
2025-11-26,338.92273,348.9472,333.49066,345.78967,1.1924179e+07,3.993298e+09
2025-11-27,348.29944,348.27676,338.12997,338.92612,9.165608e+06,3.1143222e+09
2025-11-28,340.5851,342.6733,335.38248,338.4394,7.776782e+06,2.6437266e+09
2025-11-29,339.1541,345.60956,327.0517,333.10843,1.2400921e+07,4.165292e+09
2025-11-30,317.4036,329.55203,308.59183,332.56595,1.0314806e+07,3.34873e+09
2025-12-01,313.38724,326.65784,290.99362,327.49118,1.234442e+07,4.0195277e+09
2025-12-02,327.313,326.20435,325.6155,329.32233,8.1161005e+06,2.6956703e+09
2025-12-03,328.3239,320.55957,316.15414,323.832,9.284551e+06,3.0616888e+09
2025-12-04,325.75894,329.86533,321.59875,324.45056,1.0494124e+07,3.5090563e+09
2025-12-05,318.3369,322.5516,288.7719,312.8365,1.295561e+07,4.2137533e+09
2025-12-06,322.72772,324.06308,299.97482,312.94406,1.0569301e+07,3.4399608e+09
2025-12-07,313.63962,315.2603,311.0219,311.24005,1.0351213e+07,3.3814205e+09
2025-12-08,319.3939,323.36932,305.76797,303.51004,9.993927e+06,3.2959032e+09
2025-12-09,295.54822,308.49878,291.24777,310.0988,1.1381827e+07,3.6780992e+09
2025-12-10,309.15515,318.80722,287.1772,302.4287,9.804895e+06,3.2244444e+09
2025-12-11,305.36545,308.2444,297.157,299.4917,8.234528e+06,2.7483494e+09
2025-12-12,304.1647,310.6078,293.80557,306.65988,9.13303e+06,3.0847734e+09
2025-12-13,305.4935,308.2684,298.43323,300.27667,9.49104e+06,3.158748e+09
2025-12-14,301.3922,304.0942,300.4674,301.4073,1.1375731e+07,3.7081953e+09
2025-12-15,291.5198,303.42355,281.03595,304.1578,1.2441076e+07,4.0399293e+09
2025-12-16,304.9229,312.6026,289.81888,303.29803,1.1865026e+07,3.8620052e+09
2025-12-17,297.45898,337.7635,300.26862,312.67807,1.752893e+07,5.809062e+09
2025-12-18,312.62216,313.74158,299.29422,305.2192,8.116313e+06,2.751298e+09
2025-12-19,304.87582,308.24884,259.02222,296.16138,1.5400572e+07,4.960388e+09
2025-12-20,296.2066,296.72162,297.37518,293.9638,1.0706807e+07,3.4648044e+09
2025-12-21,295.38147,296.22113,283.46362,282.8255,9.914193e+06,3.2695311e+09
2025-12-22,266.87277,295.2072,256.9015,290.88336,1.2976687e+07,4.1845181e+09
2025-12-23,282.38843,284.4562,275.83893,275.9773,1.2376372e+07,4.0058286e+09
2025-12-24,277.0371,280.8092,269.74048,273.2451,9.541748e+06,3.1236416e+09
2025-12-25,282.98,297.03644,252.35211,295.66748,6.130847e+06,2.2002253e+09
2025-12-26,292.28476,296.44592,286.55634,290.5729,8.697248e+06,2.9098363e+09
2025-12-27,293.79727,296.98038,287.24252,290.21982,6.984237e+06,2.3996452e+09
2025-12-28,291.10876,294.45508,288.29446,291.03882,6.950436e+06,2.3432008e+09
2025-12-29,292.66855,301.34393,288.55948,295.27612,1.2221916e+07,4.0567834e+09
2025-12-30,286.16125,294.97568,290.1951,298.16885,1.2366808e+07,3.998826e+09
2025-12-31,298.39682,314.46066,296.11383,307.00787,1.5201416e+07,5.0068905e+09
2026-01-01,309.88644,326.2549,308.06168,323.2139,1.2706208e+07,4.179813e+09
2026-01-02,321.84192,324.4431,313.1687,323.0461,7.731149e+06,2.6317043e+09
2026-01-03,310.07224,327.67267,304.6212,315.9108,1.0116863e+07,3.3702735e+09
2026-01-04,314.64276,346.0444,314.3914,332.97742,9.606043e+06,3.3147167e+09
2026-01-05,334.4827,336.15097,318.15994,318.01868,7.375111e+06,2.5143063e+09
2026-01-06,324.3321,333.5465,316.87473,320.51596,7.326557e+06,2.5170212e+09
2026-01-07,321.07397,337.84827,318.32098,327.1853,6.97351e+06,2.4165458e+09
2026-01-08,329.2217,328.06158,325.85364,324.49515,7.130311e+06,2.425663e+09
2026-01-09,333.90125,337.89294,323.3097,326.17548,9.503434e+06,3.1729564e+09
2026-01-10,313.46982,329.25394,303.90952,314.7997,1.2392189e+07,4.0709304e+09
2026-01-11,318.95825,321.3663,311.2223,315.80774,7.922948e+06,2.666986e+09
2026-01-12,323.43607,327.7951,322.48154,325.79932,7.8915805e+06,2.6541292e+09
2026-01-13,326.99432,335.03345,317.05374,333.89618,8.2782495e+06,2.7913418e+09
2026-01-14,323.68915,340.22482,321.19846,325.16937,8.3795475e+06,2.8705859e+09
2026-01-15,333.7379,346.8378,331.2166,343.9207,9.286922e+06,3.109495e+09
2026-01-16,344.41736,341.46844,319.86246,332.6303,6.324043e+06,2.1427076e+09
2026-01-17,325.68723,329.90213,311.7067,330.5387,7.01084e+06,2.4108078e+09
2026-01-18,326.15747,326.61932,311.79156,314.3439,1.0555308e+07,3.5213048e+09
2026-01-19,322.218,338.47974,309.22885,315.99292,8.820322e+06,3.006433e+09
2026-01-20,315.19452,323.6968,302.58038,326.1715,1.0818458e+07,3.565672e+09
2026-01-21,315.15985,332.4431,305.73828,316.40927,1.0161758e+07,3.404221e+09
2026-01-22,315.1144,319.07938,310.76492,316.92996,6.8298105e+06,2.3210004e+09
2026-01-23,315.08276,321.55136,311.43372,317.14886,6.51381e+06,2.1983862e+09
2026-01-24,321.41586,330.928,303.4793,311.4932,8.3216145e+06,2.7996603e+09
2026-01-25,311.16055,329.10367,307.07568,328.28845,9.158176e+06,3.082564e+09
2026-01-26,327.80344,329.2059,322.57785,325.93216,6.369494e+06,2.201207e+09
2026-01-27,326.9234,329.14307,323.3146,326.9575,6.198764e+06,2.1425923e+09
2026-01-28,328.3679,331.75842,314.45187,313.70422,7.327123e+06,2.5125747e+09
2026-01-29,310.54642,331.31674,300.0021,315.5634,1.0538521e+07,3.4903532e+09
2026-01-30,315.94794,319.39767,280.26514,309.6024,1.3289532e+07,4.305729e+09
2026-01-31,336.09308,338.0726,313.15167,318.4093,1.2113794e+07,3.9841894e+09
2026-02-01,311.53598,330.51385,308.6115,316.07452,9.434054e+06,3.1543672e+09
2026-02-02,314.1633,331.79898,320.59665,330.3625,8.368691e+06,2.8511058e+09
2026-02-03,328.9956,328.48892,317.8858,321.18213,7.7911805e+06,2.6256522e+09
2026-02-04,309.96677,331.61145,305.37347,321.40497,8.603708e+06,2.8807508e+09
2026-02-05,317.54123,326.1399,310.79727,315.1439,8.3347625e+06,2.844424e+09
2026-02-06,309.51874,323.32822,297.044,315.09372,2.1611304e+07,6.406361e+09
2026-02-07,309.04654,324.8824,311.23447,321.77405,1.3978845e+07,4.654801e+09
2026-02-08,331.02478,335.15082,321.95065,323.79404,1.0714159e+07,3.5770312e+09
2026-02-09,332.95624,365.75882,327.11447,348.52274,1.889216e+07,6.246448e+09
2026-02-10,357.28308,360.60297,348.18918,354.10336,1.0199928e+07,3.4263652e+09
2026-02-11,353.37524,353.9317,342.86108,346.36667,1.0029942e+07,3.3794757e+09
2026-02-12,348.54422,350.48,344.0129,347.38953,8.2888705e+06,2.7840374e+09
2026-02-13,346.97717,347.10214,342.8753,345.09097,5.4444135e+06,1.8574943e+09
2026-02-14,346.59146,347.75317,343.77948,345.5427,6.9538e+06,2.3541624e+09
2026-02-15,350.27933,353.8064,341.6119,346.33115,8.408555e+06,2.8555016e+09
2026-02-16,347.1128,348.33026,341.45712,344.64255,7.6455655e+06,2.5828e+09
2026-02-17,350.95914,358.26303,333.74945,351.16785,1.0266064e+07,3.3760136e+09
2026-02-18,352.14026,352.70233,344.0342,346.5279,8.654137e+06,2.913319e+09
2026-02-19,352.4211,357.20044,341.2638,340.50922,7.9300845e+06,2.6724744e+09
