Datetime,开盘价,最高价,最低价,收盘价,成交量,Dividends,Stock Splits,5个5分钟均线,10个5分钟均线,20个5分钟均线,50个5分钟均线,RSI指标,MACD,MACD信号线,MACD柱状图,布林带上轨,布林带中轨,布林带下轨,成交量10个5分钟均线,成交量20个5分钟均线,随机指标K,随机指标D,平均真实波幅
2025-09-22 09:30:00-04:00,248.33999633789062,250.97999572753906,248.1699981689453,249.97000122070312,9674900,0.0,0.0,,,,,,0.0,0.0,0.0,,,,,,,,
2025-09-22 09:35:00-04:00,249.98500061035156,251.27999877929688,249.77000427246094,250.35000610351562,3395642,0.0,0.0,,,,,,0.008525750575927304,0.004736528097737391,0.003789222478189913,,,,,,,,
2025-09-22 09:40:00-04:00,250.34500122070312,250.67999267578125,249.73019409179688,250.6602020263672,1886210,0.0,0.0,,,,,,0.020482655489530543,0.011189858996013272,0.009292796493517271,,,,,,,,
2025-09-22 09:45:00-04:00,250.64999389648438,250.7100067138672,250.02000427246094,250.15530395507812,1733514,0.0,0.0,,,,,,0.007189759801519813,0.009834811843407086,-0.0026450520418872733,,,,,,,,
2025-09-22 09:50:00-04:00,250.16000366210938,250.95309448242188,250.05999755859375,250.9228057861328,1257136,0.0,0.0,250.4116638183594,,,,,0.030355900779170497,0.0159393718552358,0.014416528923934697,,,,,,,,
2025-09-22 09:55:00-04:00,250.92999267578125,251.34429931640625,250.83999633789062,251.09500122070312,1531729,0.0,0.0,250.63666381835938,,,,,0.0510744807975243,0.02546293985286365,0.02561154094466065,,,,,,,,
2025-09-22 10:00:00-04:00,251.11000061035156,252.22999572753906,250.7899932861328,251.72999572753906,2216398,0.0,0.0,250.91266174316405,,,,,0.092248089056028,0.042364479450528784,0.04988360960549921,,,,,,,,
2025-09-22 10:05:00-04:00,251.7449951171875,251.7899932861328,251.02999877929688,251.32000732421875,1121242,0.0,0.0,251.04462280273438,,,,,0.09887406072923,0.055944794494712166,0.04292926623451783,,,,,,,,
2025-09-22 10:10:00-04:00,251.32000732421875,251.6699981689453,251.10000610351562,251.56509399414062,1168002,0.0,0.0,251.3265808105469,,,,,0.1141176523233014,0.06938301325015216,0.04473463907314924,,,,,,,,
2025-09-22 10:15:00-04:00,251.56500244140625,252.39990234375,251.47000122070312,251.77999877929688,1457450,0.0,0.0,251.49801940917968,250.95484161376953,,,,0.1343403694225742,0.08393723180212563,0.05040313762044858,,,,2544222.3,,,,
2025-09-22 10:20:00-04:00,251.7899932861328,252.66000366210938,251.78500366210938,252.58999633789062,1206653,0.0,0.0,251.7970184326172,251.2168411254883,,,,0.1902226952157946,0.1071918838886927,0.0830308113271019,,,,1697397.6,,,,
2025-09-22 10:25:00-04:00,252.5850067138672,252.73500061035156,252.1284942626953,252.67160034179688,1176246,0.0,0.0,251.98533935546874,251.4490005493164,,,,0.23308746062488694,0.13422897391500377,0.09885848670988318,,,,1475458.0,,,,
2025-09-22 10:30:00-04:00,252.66000366210938,252.92990112304688,252.5399932861328,252.6501007080078,1095171,0.0,0.0,252.25135803222656,251.64799041748046,,,,0.26057065588389605,0.16096726331382438,0.09960339257007167,,,,1396354.1,,,,
2025-09-22 10:35:00-04:00,252.66000366210938,252.69500732421875,252.0800018310547,252.27999877929688,977631,0.0,0.0,252.39433898925782,251.86045989990234,,,73.46140494433286,0.25630823405828096,0.18091266552896432,0.07539556852931664,,,,1320765.8,,86.346311048422,,0.9677505493164062
2025-09-22 10:40:00-04:00,252.27000427246094,252.61000061035156,252.14010620117188,252.4550018310547,798621,0.0,0.0,252.5293395996094,252.01367950439453,,,74.37242031601222,0.2602084405547487,0.19735016358182242,0.06285827697292626,,,,1274914.3,,85.1580383030673,,0.8006003243582589
2025-09-22 10:45:00-04:00,252.44500732421875,253.12440490722656,252.35000610351562,252.97999572753906,1048317,0.0,0.0,252.60733947753906,252.20217895507812,,,75.08112560134808,0.2917380626519446,0.21677448956625572,0.07496357308568885,,,,1226573.1,,95.74542691835661,89.08325875661531,0.7480577741350446
2025-09-22 10:50:00-04:00,252.99000549316406,253.28500366210938,252.94940185546875,253.13009643554688,1156023,0.0,0.0,252.69903869628905,252.3421890258789,,,74.29625560248687,0.32145226411034855,0.23819233139752624,0.08325993271282231,,,,1120535.6,,95.25552050473186,92.05299524205192,0.7041865757533482
2025-09-22 10:55:00-04:00,253.14500427246094,253.68980407714844,253.125,253.60000610351562,1107317,0.0,0.0,252.88901977539064,252.5701889038086,,,84.12027156926165,0.3698900608686415,0.26501507284530645,0.10487498802333506,,,,1119143.1,,97.52609476086984,96.1756807279861,0.6952438354492188
2025-09-22 11:00:00-04:00,253.6199951171875,253.7449951171875,253.38499450683594,253.72999572753906,1173643,0.0,0.0,253.17901916503905,252.78667907714845,,,81.82488115749486,0.4109545959684908,0.2946297702384049,0.1163248257300859,,,,1119707.2,,99.4924067562055,97.42467400726906,0.65716552734375
2025-09-22 11:05:00-04:00,253.71499633789062,254.4949951171875,253.63999938964844,254.4250030517578,2011464,0.0,0.0,253.5730194091797,253.05117950439453,252.00301055908204,,83.75105551792292,0.4829494809489745,0.33273301285864004,0.15021646809033445,254.51494484266314,252.00301055908204,249.49107627550094,1175108.6,1859665.45,98.11087636062616,98.37645929256716,0.6822150094168526
2025-09-22 11:10:00-04:00,254.4250030517578,254.72999572753906,254.1300048828125,254.63999938964844,1680965,0.0,0.0,253.90502014160157,253.2561798095703,252.23651046752929,,82.23892405063292,0.547010336876923,0.37598742923678935,0.17102290764013367,254.81992944822304,252.23651046752929,249.65309148683554,1222539.8,1459968.7,97.56766453730776,98.39031588471313,0.6222141810825893
2025-09-22 11:15:00-04:00,254.63999938964844,254.97979736328125,254.5800018310547,254.84210205078125,1556068,0.0,0.0,254.24742126464844,253.47322998046874,252.46111526489258,,90.90419348436303,0.6036453999734306,0.4218574846532836,0.181787915320147,255.13350891793456,252.46111526489258,249.7887216118506,1260522.0,1367990.0,96.45096080482644,97.37650056758679,0.5964856828962054
2025-09-22 11:20:00-04:00,254.83999633789062,255.47000122070312,254.72000122070312,255.45899963378906,2349540,0.0,0.0,254.6192199707031,253.75411987304688,252.70105514526367,,91.62727269761417,0.6823230283937676,0.4742599227982761,0.20806310559549146,255.54860687290687,252.70105514526367,249.85350341762046,1385958.9,1391156.5,99.72496032714844,97.91452855642756,0.6093433925083706
2025-09-22 11:25:00-04:00,255.4499969482422,256.0799865722656,255.25999450683594,255.789794921875,2029016,0.0,0.0,255.03117980957032,254.1050994873047,252.9827796936035,,91.82971787312886,0.7581177466362305,0.5313008557558174,0.22681689088041312,255.88423872258812,252.9827796936035,250.0813206646189,1491097.4,1405931.6,93.24347368869815,96.473131606891,0.6014927455357143
2025-09-22 11:30:00-04:00,255.77000427246094,255.82000732421875,255.22000122070312,255.22000122070312,1304483,0.0,0.0,255.19017944335937,254.38159942626953,253.19763946533203,,78.8834072902283,0.7685404505208169,0.578928707645951,0.18961174287486593,256.09322883691357,253.19763946533203,250.3020500937505,1541683.6,1408298.95,78.5002841960304,90.48957273729233,0.5814928327287946
2025-09-22 11:35:00-04:00,255.22000122070312,255.35000610351562,254.9199981689453,255.1999969482422,1671013,0.0,0.0,255.30217895507812,254.60359954833984,253.40288925170898,252.73888866718,78.14836835578508,0.7662426794264263,0.6165050695874417,0.14973760983898465,256.25251999407806,253.40288925170898,250.55325850933994,1603953.2,1415263.15,78.0001754767436,83.24797778715738,0.5688858032226562
2025-09-22 11:40:00-04:00,255.1999969482422,255.40859985351562,254.6999969482422,255.07000732421875,1244353,0.0,0.0,255.34776000976564,254.79759063720704,253.56988983154298,252.93504274808444,76.30513028910747,0.7462847716557519,0.6425239197205488,0.10376085193520312,256.3981235763865,253.56988983154298,250.7416560866994,1612786.2,1366660.9,74.75042247933379,77.08362738403594,0.5916497366768974
2025-09-22 11:45:00-04:00,255.07000732421875,255.57769775390625,255.02999877929688,255.5,965425,0.0,0.0,255.3559600830078,254.98759002685546,253.77888946533204,253.13311943641077,84.55251006975145,0.7527712012577581,0.6646161085359438,0.08815509272181432,256.5236276304162,253.77888946533204,251.0341513002479,1598597.0,1358870.05,85.27908165636474,79.34322653748072,0.5868421282087054
2025-09-22 11:50:00-04:00,255.51499938964844,256.2200012207031,255.35000610351562,256.19000244140625,1254556,0.0,0.0,255.43600158691407,255.23359069824218,254.0101348876953,253.34580406775842,86.08992070676838,0.7988178046102803,0.6914980455334896,0.1073197590767907,256.748848668151,254.0101348876953,251.27142110723958,1606688.3,1363197.75,99.22483676623663,86.4181136339784,0.6154207502092633
2025-09-22 11:55:00-04:00,256.19500732421875,256.6300048828125,255.9499969482422,256.0531005859375,1723112,0.0,0.0,255.60262145996094,255.39640045166016,254.22378997802736,253.57264239971454,82.10190412736263,0.8155500863390444,0.7163392055612212,0.09921088077782314,256.8958622821701,254.22378997802736,251.5517176738846,1577853.1,1376480.85,84.32582126925692,89.60991323061943,0.6086785452706474
2025-09-22 12:00:00-04:00,256.07000732421875,256.30999755859375,255.11000061035156,255.1999969482422,1508656,0.0,0.0,255.60262145996094,255.45240020751953,254.35429000854492,253.73714975210336,68.85331569189374,0.7567758049892745,0.724434542680393,0.03234126230888157,256.9440655576097,254.35429000854492,251.76451445948015,1560622.2,1391581.0,59.20097168529934,80.91720990693096,0.6704210553850446
2025-09-22 12:05:00-04:00,255.202392578125,255.5050048828125,254.91000366210938,254.97999572753906,1168497,0.0,0.0,255.584619140625,255.4661895751953,254.46970977783204,253.88657261775091,63.16889985176815,0.6859039918576002,0.7167223222653105,-0.030818330407710315,256.94704201415703,254.46970977783204,251.99237754150707,1521865.1,1391193.55,49.152422824630285,64.22640525972885,0.6725779942103794
2025-09-22 12:10:00-04:00,254.97000122070312,255.5500030517578,254.75,255.46499633789062,1587359,0.0,0.0,255.57761840820314,255.46678924560547,254.61045455932617,254.03022648737982,65.5060589613443,0.65850071378199,0.7050706154220597,-0.04656990164006969,256.96953634290577,254.61045455932617,252.25137277574657,1445647.0,1415802.95,61.03657509708961,56.463323202339744,0.7040067400251117
2025-09-22 12:15:00-04:00,255.46499633789062,255.50999450683594,254.35020446777344,254.43699645996094,1228411,0.0,0.0,255.22701721191407,255.33150939941407,254.7183044433594,254.15011068490836,50.101166113213374,0.552930822460695,0.6746272201944935,-0.12169639773379848,256.81097079655444,254.7183044433594,252.62563809016433,1365586.5,1428341.95,12.2796630859375,40.82288700255246,0.7257777622767857
2025-09-22 12:20:00-04:00,254.43499755859375,254.46749877929688,253.83030700683594,253.99000549316406,1362900,0.0,0.0,254.81439819335938,255.20850982666016,254.79505462646483,254.24337651179388,44.723712698860965,0.43054263417855054,0.625790492460993,-0.1952478582824425,256.6356219329669,254.79505462646483,252.95448731996274,1371428.2,1456555.9,5.704132852992953,26.340123678673354,0.7284349714006696
2025-09-22 12:25:00-04:00,253.99000549316406,254.0500030517578,253.5800018310547,253.72000122070312,1028929,0.0,0.0,254.51839904785157,255.06051025390624,254.83205490112306,254.3179919903095,40.99072830806324,0.30954641103940617,0.5625211440992544,-0.2529747330598482,256.5442672993196,254.83205490112306,253.11984250292653,1307219.8,1455586.5,4.590139330114816,7.524645089681756,0.7334496634347099
2025-09-22 12:30:00-04:00,253.72999572753906,254.0800018310547,253.58999633789062,253.8199005126953,1166092,0.0,0.0,254.2863800048828,254.9354995727539,254.86654510498047,254.36529599703275,35.648323811865055,0.21886716230636694,0.4937724995721266,-0.27490533726575966,256.4579325210278,254.86654510498047,253.27515768893318,1299393.7,1456089.95,7.865522675538434,6.053264952882068,0.7148786272321429
2025-09-22 12:35:00-04:00,253.80499267578125,253.92999267578125,253.16000366210938,253.6999969482422,922349,0.0,0.0,253.93338012695312,254.75549926757813,254.8715446472168,254.40484971266525,31.0004134054342,0.1363015304928865,0.4222634539085523,-0.2859619234156658,256.4467241500429,254.8715446472168,253.2963651443907,1295086.1,1446841.55,15.56176069653929,9.339140900730847,0.7113069806780133
2025-09-22 12:40:00-04:00,253.6999969482422,253.97999572753906,253.49000549316406,253.84840393066406,822581,0.0,0.0,253.81566162109374,254.5213394165039,254.87746505737306,254.45093829815204,36.49524496326677,0.08141659300761717,0.3540827532663571,-0.2726661602587399,256.43537436348333,254.87746505737306,253.31955575126278,1251888.6,1429288.45,19.838617475045073,14.42196694904093,0.7034487043108258
2025-09-22 12:45:00-04:00,253.85000610351562,253.8699951171875,253.41000366210938,253.52000427246094,665771,0.0,0.0,253.72166137695314,254.26802978515624,254.83221511840821,254.4986308171199,34.40580596913455,0.012436329658186196,0.28574438481747,-0.2733080551592838,256.49453204653696,254.83221511840821,253.16989819027947,1146154.5,1362003.8,10.374653709159668,15.25834396024801,0.7055903843470982
2025-09-22 12:50:00-04:00,253.52499389648438,253.86990356445312,253.42359924316406,253.86500549316406,585309,0.0,0.0,253.75066223144532,254.13453063964843,254.793465423584,254.55286172720102,39.244144077884656,-0.015263610485618528,0.22553638334396203,-0.24079999382958056,256.5098987053532,254.793465423584,253.07703214181478,1053819.8,1307221.0,20.317048502704367,16.84343989563637,0.6868547712053571
2025-09-22 12:55:00-04:00,253.875,254.21499633789062,253.6999969482422,254.2100067138672,675766,0.0,0.0,253.82868347167968,254.05753173828126,254.7618606567383,254.60016984205978,38.30811230939019,-0.010254856566632498,0.17837412324046878,-0.18862897980710128,256.49769120691036,254.7618606567383,253.02603010656622,1004546.7,1263205.9,30.259443296249067,20.317048502704367,0.6845190865652901
2025-09-22 13:00:00-04:00,254.2050018310547,254.3800048828125,253.52000427246094,253.60299682617188,697305,0.0,0.0,253.8092834472656,253.87133178710937,254.66906051635743,254.61835831862228,26.194474554757406,-0.05300387270426654,0.13209537448308867,-0.1850992471873552,256.445928658443,254.66906051635743,252.89219237427187,915541.3,1180594.15,12.766369113055715,21.114286970669717,0.6838051932198661
2025-09-22 13:05:00-04:00,253.6199951171875,254.25999450683594,253.58999633789062,254.05499267578125,658025,0.0,0.0,253.85060119628906,253.8331314086914,254.58232040405272,254.63585780217096,32.62127469820676,-0.05093991709298962,0.0954863229815217,-0.14642624007451133,256.2971193725784,254.58232040405272,252.86752143552704,858502.7,1112044.6,28.41240469293444,23.812739034079744,0.6830902099609375
2025-09-22 13:10:00-04:00,254.05499267578125,254.24000549316406,253.94000244140625,254.00990295410156,549555,0.0,0.0,253.94858093261718,253.83512115478516,254.52181549072264,254.64662346473108,37.95623143109508,-0.05223311858637203,0.06594114779406854,-0.11817426638044057,256.22724654652876,254.52181549072264,252.81638443491656,777168.2,1074298.2,35.56064891368886,25.579807573226343,0.618804931640625
2025-09-22 13:15:00-04:00,254.00999450683594,254.37989807128906,253.99000549316406,254.33999633789062,564180,0.0,0.0,254.0435791015625,253.8971206665039,254.47881546020508,254.64335397573618,43.66437166361035,-0.027022782573396853,0.047347713833961226,-0.07437049640735807,256.1553720642716,254.47881546020508,252.80225885613856,730693.3,1018956.55,49.37209109307864,37.78171489990064,0.6041543143136161
2025-09-22 13:20:00-04:00,254.33999633789062,254.42999267578125,254.24000549316406,254.28759765625,450914,0.0,0.0,254.05909729003906,253.9438903808594,254.43969497680663,254.62980006291315,37.25260855487051,-0.011046720215404093,0.03566850145516394,-0.04671522167056803,256.09454099639385,254.43969497680663,252.78484895721942,659175.5,979284.6,47.982910089670085,44.30521669881253,0.5605817522321429
2025-09-22 13:25:00-04:00,254.3000030517578,254.72999572753906,253.9340057373047,254.5928955078125,696145,0.0,0.0,254.2570770263672,254.0331802368164,254.39433975219725,254.62021519587591,52.001018429659815,0.0253843981752766,0.033611634929530176,-0.008227236754253575,255.97488127419376,254.39433975219725,252.81379823020075,636555.1,965820.6,91.26745779514243,62.87415299263039,0.5345960344587054
2025-09-22 13:30:00-04:00,254.5800018310547,254.75,254.47000122070312,254.5449981689453,463805,0.0,0.0,254.355078125,254.10283966064452,254.3120895385742,254.5850612933819,57.93663262634198,0.04988726983651759,0.03686681998536967,0.01302044985114792,255.65208334456034,254.3120895385742,252.9720957325881,600677.5,926283.05,87.10677338246866,75.45238042242705,0.5090822492327008
2025-09-22 13:35:00-04:00,254.5500030517578,254.77999877929688,254.24000549316406,254.7200927734375,531455,0.0,0.0,254.4971160888672,254.22284851074218,254.2454391479492,254.5439189030574,64.70078952090435,0.08219943343254954,0.045933472078388445,0.036265961354161096,255.3288570176263,254.2454391479492,253.16202127827214,587245.9,866700.2,96.30208725793082,91.5587728118473,0.5140816824776786
2025-09-22 13:40:00-04:00,254.72000122070312,254.94000244140625,254.4250030517578,254.5800018310547,552549,0.0,0.0,254.5451171875,254.29434814453126,254.21443939208984,254.51930354191705,61.04258847105349,0.09559745291565491,0.05586638165962,0.039731071256034915,255.2151817196336,254.21443939208984,253.2136970645461,583969.9,818894.85,79.77523273955458,87.72803112665135,0.5158669607979911
2025-09-22 13:45:00-04:00,254.5800018310547,254.6199951171875,254.02000427246094,254.10000610351562,528012,0.0,0.0,254.50759887695312,254.2833480834961,254.17043991088866,254.4769962017353,55.26082367059598,0.06735851090022038,0.05816482850263898,0.0091936823975814,255.10462732779135,254.17043991088866,253.23625249398597,569194.5,786870.6,45.09823476613145,73.72518492120562,0.5037242344447544
2025-09-22 13:50:00-04:00,254.10000610351562,254.25880432128906,253.89999389648438,254.2324981689453,338083,0.0,0.0,254.43551940917968,254.34629821777344,254.10881500244142,254.44478431114783,55.07274998992383,0.05487301370521891,0.057506460732127083,-0.002633447026908174,254.81924503009333,254.10881500244142,253.3983849747895,533272.3,724406.8,53.75785379475416,59.54377376681341,0.494354248046875
2025-09-22 13:55:00-04:00,254.2100067138672,254.22999572753906,253.97999572753906,254.10670471191406,280502,0.0,0.0,254.34786071777344,254.35146942138672,254.09230041503906,254.39119603083685,58.18670368603939,0.03457754804824731,0.05292065138667967,-0.018343103338432358,254.78576208509506,254.09230041503906,253.39883874498307,495520.0,677011.35,45.04774650580102,47.96794502222888,0.47953360421316965
2025-09-22 14:00:00-04:00,254.10000610351562,254.4550018310547,254.02000427246094,254.3843994140625,499371,0.0,0.0,254.28072204589844,254.3889190673828,254.11202011108398,254.32174976055438,57.38626253683475,0.040138684212251974,0.050364245995984006,-0.010225561783732032,254.81559046639916,254.11202011108398,253.4084497557688,490501.6,633834.9,60.87297579007318,53.22619203020946,0.4787259783063616
2025-09-22 14:05:00-04:00,254.38999938964844,254.64999389648438,254.30999755859375,254.60000610351562,379935,0.0,0.0,254.28472290039062,254.4149200439453,254.1560203552246,254.26586151123047,55.75806182724238,0.06102130010592077,0.05249566479255583,0.008525635313364942,254.8663997204236,254.1560203552246,253.4456409900256,472077.1,601385.2,76.05656504873147,60.65909578153523,0.4662257603236607
2025-09-22 14:10:00-04:00,254.60000610351562,254.8300018310547,254.47999572753906,254.76499938964844,378272,0.0,0.0,254.4177215576172,254.46266021728516,254.20327529907226,254.24913083589993,69.73151684432537,0.0896925772121051,0.05993506954375984,0.029757507668345264,254.94457612207017,254.20327529907226,253.46197447607435,464812.9,561994.2,87.03686958880576,74.6554701425368,0.4297975812639509
2025-09-22 14:15:00-04:00,254.7613983154297,254.92990112304688,254.72999572753906,254.72999572753906,387450,0.0,0.0,254.51722106933593,254.47637023925782,254.2547752380371,254.23951545128455,63.352953605602345,0.10836597164342265,0.06962127315754216,0.0387446984858805,254.99196096203642,254.2547752380371,253.51758951403778,433943.4,535249.25,79.80721265295344,80.96688243016357,0.3962195260184152
2025-09-22 14:20:00-04:00,254.72000122070312,254.7899932861328,254.61000061035156,254.63999938964844,288368,0.0,0.0,254.6238800048828,254.48587036132812,254.29435501098632,254.20778479942908,62.24701639499846,0.11464906250853346,0.07862684827899508,0.036022214229538385,255.02464436956015,254.29435501098632,253.5640656524125,416399.7,508538.6,71.15378972387687,79.33262398854536,0.38764735630580355
2025-09-22 14:25:00-04:00,254.64199829101562,255.25999450683594,254.63499450683594,255.24000549316406,614327,0.0,0.0,254.7950012207031,254.5378616333008,254.38035507202147,254.2386697622446,65.83206729762665,0.16568711560057636,0.09603892842724651,0.06964818717332985,255.13149422902816,254.38035507202147,253.62921591501478,424686.9,505966.4,98.53022024256975,83.16374087313336,0.4044407435825893
2025-09-22 14:30:00-04:00,255.2449951171875,255.2449951171875,254.7346954345703,254.91000366210938,503815,0.0,0.0,254.85700073242188,254.57086181640625,254.43260498046874,254.27405430720404,59.974568396341766,0.177677359726232,0.11236663470475325,0.06531072502147875,255.17816574286877,254.43260498046874,253.6870442180687,419813.5,501891.7,74.26539061360499,81.3164668600172,0.42732020786830355
2025-09-22 14:35:00-04:00,254.9199981689453,255.625,254.90870666503906,255.57000732421875,749320,0.0,0.0,255.01800231933595,254.71786193847657,254.50060501098633,254.34520838810846,64.06049640780623,0.2372786226372341,0.1373490567939377,0.0999295658432964,255.3940893859931,254.50060501098633,253.60712063597956,441944.3,505569.4,96.81203007518798,89.86921364378759,0.4216275896344866
2025-09-22 14:40:00-04:00,255.5800018310547,255.7666015625,255.3000030517578,255.38999938964844,843481,0.0,0.0,255.1500030517578,254.83361206054687,254.58995513916017,254.40559680645282,61.714063306455024,0.26700781540017715,0.163280828862232,0.10372698653794515,255.4626576638762,254.58995513916017,253.71725261444413,492484.1,512878.2,79.82424589225865,83.63388886035055,0.43495614188058035
2025-09-22 14:45:00-04:00,255.38499450683594,255.69000244140625,255.3699951171875,255.64999389648438,529175,0.0,0.0,255.352001953125,254.9879409790039,254.66970520019532,254.48059668907752,62.59454901669022,0.3078519978098484,0.1921950808015254,0.115656917008323,255.62424470826025,254.66970520019532,253.7151656921304,517351.4,506435.7,93.75296329600262,90.12974642114973,0.41924285888671875
2025-09-22 14:50:00-04:00,255.64999389648438,255.6999969482422,255.1999969482422,255.3800048828125,678175,0.0,0.0,255.3800018310547,255.0875015258789,254.73821029663085,254.53950441800632,60.46691768050437,0.3149348008563777,0.2167430371396974,0.09819176371668031,255.69002514091991,254.73821029663085,253.7863954523418,535231.8,512866.7,79.28880895937219,84.28867271587781,0.41817147391183035
2025-09-22 14:55:00-04:00,255.36000061035156,255.4600067138672,255.08999633789062,255.39999389648438,527422,0.0,0.0,255.47799987792968,255.1675003051758,254.79121017456055,254.61181171123798,69.3360084247222,0.31847656914973754,0.2370897517156829,0.08138681743405465,255.7673975001429,254.79121017456055,253.8150228489782,549980.5,511028.8,80.3596828251451,84.46715169350664,0.40174429757254465
2025-09-22 15:00:00-04:00,255.39999389648438,255.72999572753906,255.33999633789062,255.4499969482422,726276,0.0,0.0,255.45399780273436,255.23600006103516,254.84933013916014,254.67277292104868,68.56462135524761,0.3215862530109348,0.2539890574059607,0.06759719560497407,255.8376076293162,254.84933013916014,253.86105264900408,584780.9,524796.9,82.27898912774262,80.64249363741997,0.40397208077566965
2025-09-22 15:05:00-04:00,255.4499969482422,255.6699981689453,255.42010498046875,255.50999450683594,518705,0.0,0.0,255.47799682617188,255.31399993896486,254.89518508911132,254.72277245154748,71.83573456924961,0.3251171236873347,0.26821467431978513,0.05690244936754957,255.91787031065414,254.89518508911132,253.8724998675685,597906.4,515924.9,85.30817280391386,82.6489482522672,0.40378570556640625
2025-09-22 15:10:00-04:00,255.52000427246094,255.6199951171875,255.30999755859375,255.4499969482422,651838,0.0,0.0,255.43799743652343,255.3949996948242,254.94043502807617,254.79381091778095,67.78610322994717,0.31941137096296757,0.278454015754532,0.040957355208435575,255.9778597978707,254.94043502807617,253.90301025828163,634253.4,525326.55,78.26419442698513,81.95045211954721,0.3948571341378348
2025-09-22 15:15:00-04:00,255.4499969482422,255.8249969482422,255.39999389648438,255.77999877929688,648101,0.0,0.0,255.51799621582032,255.4489990234375,254.99343032836913,254.86015730637772,68.97103269615732,0.33751182320796147,0.29026557918881607,0.0472462440191454,256.0900600718432,254.99343032836913,253.89680058489506,637630.8,531158.85,96.65441426723845,86.74226049937914,0.40092904227120535
2025-09-22 15:20:00-04:00,255.77999877929688,256.05999755859375,255.6300048828125,255.84930419921875,903884,0.0,0.0,255.60785827636718,255.54292907714844,255.05689544677733,254.93090350811298,67.98602849983548,0.3533504862978134,0.3028825622715198,0.05046792402629363,256.19876605499803,255.05689544677733,253.91502483855663,677637.7,548725.6,85.46939290938364,86.79600053453574,0.40664236886160715
2025-09-22 15:25:00-04:00,255.8498992919922,255.92999267578125,255.63999938964844,255.7899932861328,934781,0.0,0.0,255.6758575439453,255.56492767333984,255.1413948059082,254.9866726215069,67.44217577760146,0.3570158256177365,0.3137092160809428,0.04330660953679366,256.2341814611651,255.1413948059082,254.0486081506513,696183.8,569064.05,81.3789765014154,87.83426122601252,0.4130772181919643
2025-09-22 15:30:00-04:00,255.80499267578125,256.0400085449219,255.77000427246094,255.84530639648438,871503,0.0,0.0,255.742919921875,255.61045837402344,255.22203521728517,255.04658449613132,70.06222538287659,0.36021418233639224,0.32301021011563985,0.03720397222075239,256.2695092328187,255.22203521728517,254.17456120175166,698986.0,595735.05,84.93398580132563,83.9274517373749,0.4195066179547991
2025-09-22 15:35:00-04:00,255.85499572753906,256.0400085449219,255.73500061035156,255.84500122070312,801688,0.0,0.0,255.8219207763672,255.6299591064453,255.3089500427246,255.09474240816556,62.58195134644555,0.3585885703045619,0.3301258826330196,0.02846268767154231,256.24980624633184,255.3089500427246,254.36809383911736,726237.3,621794.35,83.77756030165217,83.36350753479773,0.39665004185267855
2025-09-22 15:40:00-04:00,255.83999633789062,255.98500061035156,255.61500549316406,255.8300018310547,752277,0.0,0.0,255.83192138671876,255.67495880126953,255.38123016357423,255.144165625939,72.01776232663107,0.3520335330833291,0.3345074129593331,0.01752612012399596,256.241702758829,255.38123016357423,254.52075756831945,733647.5,634439.65,80.02279625187208,82.91144745161664,0.38662828717912945
2025-09-22 15:45:00-04:00,255.82000732421875,256.1099853515625,255.7718963623047,256.04998779296875,847740,0.0,0.0,255.87205810546874,255.73995819091797,255.45372924804687,255.1953154343825,64.55191428730038,0.36038622118343255,0.3396831748274143,0.020703046356018273,256.28074233315914,255.45372924804687,254.62671616293463,765679.3,657829.9,94.11782305597941,85.97272653650123,0.3596136910574777
2025-09-22 15:50:00-04:00,256.0400085449219,256.2298889160156,255.75,256.1600036621094,1886790,0.0,0.0,255.94606018066406,255.8109588623047,255.52347946166992,255.25608473557693,74.3794386202232,0.3715759525444753,0.34606173059094236,0.025514221953532923,256.3411704904497,255.52347946166992,254.70578843289013,881730.7,733255.8,93.86913686014135,89.33658538933095,0.36056300571986605
2025-09-22 15:55:00-04:00,256.17999267578125,256.260009765625,255.85499572753906,256.0899963378906,3931928,0.0,0.0,255.9949981689453,255.86895904541015,255.5914794921875,255.33262282151443,65.83629893238434,0.3705347086900872,0.35095632634589635,0.019578382344190848,256.3557863043489,255.5914794921875,254.82717268002605,1223053.0,910479.7,85.46910456715095,91.15202149442392,0.3666349138532366
