timestamp,open,high,low,close,volume,Dividends,Stock Splits,5日均线,10日均线,20日均线,RSI指标,MACD,MACD信号线,MACD柱状图,布林带上轨,布林带中轨,布林带下轨,成交量10日均线,成交量20日均线,随机指标K,随机指标D,平均真实波幅,amount
2025-08-13,95.69000244140625,118.0,68.0,68.0,58207600,0.0,0.0,,,,,0.0,0.0,0.0,,,,,,,,,3958116800.0
2025-08-14,74.4000015258789,85.0,71.19999694824219,74.62999725341797,32385300,0.0,0.0,,,,,0.1487499383779749,0.0826388546544305,0.0661110837235444,,,,,,,,,2416914850.051117
2025-08-15,75.3499984741211,75.48999786376953,68.2300033569336,69.54000091552734,9126300,0.0,0.0,,,,,0.03169646452916197,0.061760825914566345,-0.030064361385404373,,,,,,,,,634642910.3553772
2025-08-18,68.125,68.30000305175781,62.5,63.369998931884766,9024400,0.0,0.0,,,,,-0.24508412151368475,-0.042183939474407586,-0.20290018203927718,,,,,,,,,571876218.3609009
2025-08-19,61.560001373291016,62.4900016784668,57.91600036621094,59.5099983215332,6500600,0.0,0.0,67.00999908447265,,,,-0.5439212220884428,-0.1914394376342229,-0.35248178445421996,,,,,,,,,386850695.08895874
2025-08-20,60.310001373291016,62.95000076293945,56.380001068115234,62.88999938964844,5403500,0.0,0.0,65.98799896240234,,,,-0.5688081112197523,-0.29372732946827435,-0.27508078175147793,,,,,,,,,339826111.70196533
2025-08-21,61.09000015258789,70.38999938964844,61.05099868774414,69.80000305175781,8041700,0.0,0.0,65.02200012207031,,,,-0.26193598380307037,-0.2856817879963382,0.023745804193267828,,,,,,,,,561310684.5413208
2025-08-22,68.05000305175781,71.73999786376953,66.49700164794922,70.81999969482422,7342000,0.0,0.0,65.27799987792969,,,,-0.0034463739938956905,-0.2178553105734146,0.2144089365795189,,,,,,,,,519960437.7593994
2025-08-25,68.57499694824219,68.61499786376953,65.0,65.18000030517578,3917900,0.0,0.0,65.64000015258789,,,,-0.1042156412450197,-0.19160398318924868,0.08738834194422898,,,,,,,,,255368723.1956482
2025-08-26,63.959999084472656,66.26000213623047,63.380001068115234,66.08000183105469,2012300,0.0,0.0,66.9540008544922,66.98199996948242,,,-0.12782394828788313,-0.17731355294539786,0.04948960465751473,,,,14196160.0,,,,,132972787.68463135
2025-08-27,65.80000305175781,66.25,62.2400016784668,63.97999954223633,2270700,0.0,0.0,67.17200088500977,66.57999992370605,,,-0.25496988179016,-0.19430431397333292,-0.06066556781682708,,,,8602470.0,,,,,145279384.96055603
2025-08-28,63.52000045776367,65.25,61.09000015258789,64.43000030517578,2630300,0.0,0.0,66.09800033569336,65.56000022888183,,,-0.31999912043012557,-0.2212982869636089,-0.09870083346651667,,,,5626970.0,,,,,169470229.80270386
2025-08-29,63.400001525878906,63.70000076293945,58.810001373291016,59.029998779296875,3643000,0.0,0.0,63.74000015258789,64.50900001525879,,,-0.6690178489228202,-0.3160513014131564,-0.35296654750966383,,,,5078640.0,,,,,215046285.55297852
2025-09-02,57.83000183105469,62.150001525878906,57.75,62.029998779296875,2860800,0.0,0.0,63.10999984741211,64.375,,44.09495463868669,-0.7477053584919418,-0.40635365221792763,-0.3413517062740141,,,,4462280.0,,9.16909738578086,,9.628284999302455,177455420.5078125
2025-09-03,60.47999954223633,61.25,53.0099983215332,54.2599983215332,6549700,0.0,0.0,60.74599914550781,63.85,,38.22016387891372,-1.2585919238155512,-0.5830170989829276,-0.6755748248326235,,,,4467190.0,,3.9074708796949005,,6.7011421748570035,355386711.006546
2025-09-04,53.29999923706055,53.5,48.290000915527344,49.0099983215332,5592500,0.0,0.0,57.75199890136719,62.46199989318848,,27.502637761706865,-1.9488411302419024,-0.8640935026524005,-1.0847476275895018,,,,4486090.0,,2.6470495837772128,5.2412059497509915,5.913284846714565,274088415.61317444
2025-09-05,50.189998626708984,52.5,47.880001068115234,52.349998474121094,4403900,0.0,0.0,55.33599853515625,60.7169994354248,,34.426527174615515,-2.2443729998980615,-1.1465088299146422,-1.0978641699834193,,,,4122310.0,,18.73427496360769,8.429598475693268,5.724713734218052,230544158.28018188
2025-09-08,52.099998474121094,52.400001525878906,49.33000183105469,50.119998931884766,2885000,0.0,0.0,53.55399856567383,58.64699935913086,,37.073172656075435,-2.5837513894590103,-1.439230547496414,-1.1445208419625963,,,,3676610.0,,9.388089541476845,10.256471362953915,5.441142218453543,144596196.91848755
2025-09-09,50.2599983215332,54.5,50.2599983215332,53.810001373291016,3024100,0.0,0.0,51.90999908447266,57.509999465942386,,44.42052085693559,-2.5764309179025773,-1.6699963066559207,-0.9064346112466566,,,,3587230.0,,24.853315597493427,17.658560034192657,5.364428111485073,162726825.15296936
2025-09-10,54.099998474121094,55.040000915527344,51.72999954223633,52.619998931884766,2160900,0.0,0.0,51.58199920654297,56.16399917602539,61.57299957275391,39.496831476793126,-2.6172677727927933,-1.8616603356906323,-0.755607437102161,76.50861260717184,61.57299957275391,46.637386538335974,3602090.0,8899125.0,19.865878039987177,18.035761059652483,5.131571088518415,113706555.69190979
2025-09-11,51.970001220703125,57.25,51.599998474121094,53.9900016784668,4363200,0.0,0.0,52.577999877929685,55.164999389648436,60.87249965667725,31.76470847051793,-2.52681197023319,-1.9959290731173491,-0.530882897115841,75.8530208289433,60.87249965667725,45.891978484411204,3811340.0,6206905.0,25.607717648413086,23.442303761964563,4.868071147373745,235569175.32348633
2025-09-12,55.599998474121094,55.66999816894531,51.529998779296875,51.84000015258789,3425900,0.0,0.0,52.476000213623045,53.90599937438965,59.73299980163574,28.66457595940504,-2.5708863359439817,-2.1117753201107505,-0.4591110158332312,73.74295249015898,59.73299980163574,45.7230471131125,3890900.0,4758935.0,19.09814177209135,21.52391248683054,4.789285659790039,177598656.52275085
2025-09-15,51.91999816894531,52.900001525878906,50.68000030517578,51.08000183105469,2845200,0.0,0.0,52.66800079345703,53.11099967956543,58.80999984741211,32.19697779750631,-2.626222576085304,-2.215275729888282,-0.41094684619702226,72.52885128629919,58.80999984741211,45.09114840852504,3811120.0,4444880.0,17.41023164841195,20.705363689638798,4.532142911638532,145332821.2097168
2025-09-16,51.2599983215332,51.70000076293945,48.52000045776367,51.36000061035156,3907000,0.0,0.0,52.17800064086914,52.0439998626709,58.20949993133545,31.118526074984914,-2.6189540833123175,-2.2963944730067243,-0.3225596103055932,72.13773401147759,58.20949993133545,44.28126585119332,3915740.0,4189010.0,18.94392893075296,18.484100783752087,4.553571428571429,200663522.38464355
2025-09-17,51.65999984741211,54.900001525878906,51.560001373291016,54.349998474121094,6627800,0.0,0.0,52.524000549316405,52.052999877929686,57.951499938964844,37.92325121226887,-2.3746859092258603,-2.3121121399172773,-0.06257376930858305,71.96917879421514,57.951499938964844,43.93382108371455,3923550.0,4195370.0,37.24811631467279,24.534092297945904,4.520000185285296,360220919.8867798
2025-09-18,59.97999954223633,66.4800033569336,57.12200164794922,65.61000061035156,12512000,0.0,0.0,54.84800033569336,53.71300010681152,58.0875,51.164167443204825,-1.3660679185466904,-2.1223297134545103,0.7562617949078199,72.35742942629707,58.0875,43.81757057370292,4615500.0,4550795.0,95.32256645417165,50.50487056653247,5.089286259242466,820912327.6367188
2025-09-19,63.20000076293945,69.9000015258789,62.79999923706055,69.18000030517578,7042100,0.0,0.0,58.316000366210936,55.39600028991699,58.0564998626709,60.38894601606655,-0.31120047973367804,-1.759225935645959,1.448025455912281,72.22160392948331,58.0564998626709,43.891395795858486,4879320.0,4500815.0,96.73023975597025,76.4336408416049,5.195000784737723,487172480.14907837
2025-09-22,67.23999786376953,69.08999633789062,63.439998626708984,69.08999633789062,6283000,0.0,0.0,61.917999267578125,57.293000030517575,57.96999969482422,57.68393122652039,0.5085029420192555,-1.3048011747905637,1.8133041168098192,71.82465723382934,57.96999969482422,44.11534215581909,5219120.0,4447865.0,96.32150240168276,96.12476953727487,5.290715081351144,434092446.9909668
2025-09-23,69.5,74.9800033569336,68.16999816894531,69.48999786376953,6439100,0.0,0.0,65.54399871826172,58.86099967956543,58.185499572753905,69.74331753157014,1.1709835494531973,-0.8088768241792136,1.9798603736324107,72.63371737432855,58.185499572753905,43.737281771179255,5560620.0,4573925.0,79.74167885797827,90.93114033854376,5.1328582763671875,447453045.2445984
2025-09-24,70.0,70.25,66.3499984741211,67.58999633789062,4036700,0.0,0.0,68.19199829101562,60.35799942016602,58.260999298095705,76.37704618847219,1.5365690229377122,-0.33920623072291406,1.8757752536606263,72.89746873236827,58.260999298095705,43.62452986382314,5748200.0,4675145.0,72.73060370887077,82.93126165617727,4.985001427786691,272840538.2171631
2025-09-25,64.4000015258789,65.55000305175781,61.02000045776367,61.83000183105469,4626900,0.0,0.0,67.43599853515624,61.14199943542481,58.15349941253662,62.59298829585424,1.383029132987872,0.005582304045063684,1.3774468289428081,72.64396320161099,58.15349941253662,43.66303562346225,5774570.0,4792955.0,50.30234283802201,67.59154180162369,5.124286924089704,286081235.47210693
2025-09-26,61.849998474121094,63.209999084472656,59.70000076293945,62.59000015258789,4136100,0.0,0.0,66.11799850463868,62.2169994354248,58.061499404907224,67.23804150077781,1.303006204896782,0.26527283224912696,1.0377333726476552,72.40681306653542,58.061499404907224,43.716185743279034,5845590.0,4868245.0,53.17459619502011,58.73584758063763,5.15571539742606,258878499.63111877
2025-09-29,63.630001068115234,64.08999633789062,61.310001373291016,62.29999923706055,3996600,0.0,0.0,64.75999908447265,63.33899917602539,58.22499942779541,62.953916321128325,1.2039315611025003,0.4531236426160591,0.7508079184864412,72.69082382716869,58.22499942779541,43.759175028422135,5960730.0,4885925.0,52.07859890192668,51.851845978322935,5.0414292471749445,248988176.95083618
2025-09-30,61.93000030517578,65.4000015258789,61.93000030517578,63.61000061035156,3682600,0.0,0.0,63.58399963378906,64.56399917602539,58.303999519348146,66.70720676155895,1.2101246255271576,0.6046006471645734,0.6055239783625842,72.87419806050193,58.303999519348146,43.733800978194374,5938290.0,4927015.0,57.02947278611704,54.09422262768794,5.05285780770438,234250188.24768066
2025-10-01,63.900001525878906,64.75,60.779998779296875,60.810001373291016,4335700,0.0,0.0,62.22800064086914,65.20999946594239,58.631499671936034,59.935897079644704,0.9914564873801908,0.6820032134187597,0.3094532739614311,73.11315215736282,58.631499671936034,44.14984718650925,5709080.0,4816315.0,46.44746624692507,51.85184597832293,4.93285778590611,263653922.95417786
2025-10-02,61.70500183105469,67.97000122070312,61.18000030517578,67.91000366210938,6375400,0.0,0.0,63.444001007080075,65.43999977111817,59.576499938964844,70.46091586732392,1.342916406490751,0.8142287616768354,0.5286876448139156,73.88011425462014,59.576499938964844,45.27288562330955,5095420.0,4855460.0,73.28042736138168,58.9191221314746,5.148572104317801,432953437.3474121
2025-10-03,68.08000183105469,69.27999877929688,64.52999877929688,64.80999755859375,4661100,0.0,0.0,63.88800048828125,65.00299949645996,60.199499893188474,66.49842947450333,1.368291897227003,0.9250701648603463,0.44322173236665674,74.26119225136769,60.199499893188474,46.13780753500926,4857320.0,4868320.0,61.56460814802523,60.43083391877733,5.329286302839007,302085879.6203613
2025-10-06,67.5,69.19999694824219,65.56999969482422,68.79000091552734,4326400,0.0,0.0,65.18600082397461,64.97299995422364,61.13299999237061,69.23415953933355,1.674260002799862,1.0749392590413256,0.5993207437585364,74.85194641017108,61.13299999237061,47.41405357457013,4661660.0,4940390.0,73.56959044781642,69.47154198574111,5.415714808872768,297613059.9609375
2025-10-07,69.0999984741211,69.29000091552734,63.70000076293945,65.0999984741211,4182100,0.0,0.0,65.48400039672852,64.53400001525878,61.69749984741211,61.68223857394548,1.613581155038709,1.182685540662549,0.43089561437616,75.07251699700161,61.69749984741211,48.32248269782261,4435960.0,4998290.0,44.67463356864916,59.93627738816361,5.562143325805664,272254703.6186218
2025-10-08,65.0,67.61000061035156,63.22999954223633,67.41000366210938,2692000,0.0,0.0,66.80400085449219,64.51600074768066,62.43700008392334,52.42849711098087,1.7240284687609702,1.2909685195589347,0.4330599492020355,75.32540460554574,62.43700008392334,49.548595562300925,4301490.0,5024845.0,50.458125590897254,56.23411653578762,5.008571624755859,181467729.85839844
2025-10-09,66.44999694824219,70.5,64.37999725341797,66.70999908447266,4658400,0.0,0.0,66.56399993896484,65.00400047302246,63.07299995422363,46.38783359051001,1.737061046811185,1.380196513357174,0.3568645334540108,75.45162273692625,63.07299995422363,50.69437717152101,4304640.0,5039605.0,45.876944577800714,47.00323457911571,4.938571657453265,310761859.7351074
2025-10-10,66.5,68.0,60.25,60.40999984741211,4948500,0.0,0.0,65.68400039672852,64.78600044250489,63.50149993896484,39.2574355635169,1.2430856520992535,1.3527720080866987,-0.10968635598744525,74.78803569734784,63.50149993896484,52.21496418058184,4385880.0,5115735.0,4.646590078143861,33.66055341561395,5.0821429661342075,298938884.2449188
2025-10-13,61.43000030517578,62.09000015258789,58.04999923706055,59.54999923706055,3295400,0.0,0.0,63.83600006103516,64.51100044250488,63.92499980926514,37.83652246912557,0.7758009621675654,1.23736994504544,-0.4615689828778746,73.79592121369899,63.92499980926514,54.054078404831294,4315760.0,5138245.0,12.048192032767789,20.85724222957079,4.884285518101284,196241067.48580933
2025-10-14,57.849998474121094,60.15999984741211,57.28200149536133,59.310001373291016,2003600,0.0,0.0,62.67800064086914,64.08100051879883,64.3224998474121,39.43878624946222,0.3824880556681478,1.0663842578236844,-0.6838962021555366,72.56967549931329,64.3224998474121,56.07532419551091,4147860.0,5043075.0,15.342715292470258,10.679165801127306,4.811285291399274,118833518.75152588
2025-10-15,59.97999954223633,60.0,57.599998474121094,58.650001525878906,4772800,0.0,0.0,60.92600021362305,63.865000534057614,64.5375,45.33724587531921,0.01900458424579199,0.8568991987469237,-0.8378946145011317,71.86269095297692,64.5375,57.212309047023076,4191570.0,4950325.0,10.349524778940607,12.580144034726223,4.5134285518101285,279924727.28271484
2025-10-16,58.939998626708984,60.52000045776367,57.130001068115234,57.54999923706055,2489900,0.0,0.0,59.094000244140624,62.829000091552736,64.13449993133545,42.682930881590956,-0.3512445940531279,0.6152620203601232,-0.9665066144132511,72.07247309315618,64.13449993133545,56.19652676951474,3803020.0,4449220.0,3.1413478122552507,9.611195961222043,4.504857199532645,143293743.10035706
2025-10-17,55.79999923706055,58.349998474121094,55.599998474121094,57.06999969482422,2738100,0.0,0.0,58.42600021362305,62.05500030517578,63.52899990081787,42.448749748431744,-0.6745145244218023,0.35729952045876184,-1.0318140448805642,71.69080722053111,63.52899990081787,55.367192581104625,3610720.0,4234020.0,9.86577899438446,7.785550528526777,4.502714702061245,156263366.1643982
2025-10-20,57.5,60.143001556396484,57.18000030517578,58.7599983215332,1834400,0.0,0.0,58.26800003051758,61.05200004577637,63.0125,43.073408525282076,-0.7882627556184474,0.12818195575088898,-0.9164447113693364,70.99807872112736,63.0125,55.02692127887265,3361520.0,4011590.0,21.208050495321746,11.405059100653824,4.474357604980469,107789340.92102051
2025-10-21,58.0,58.34000015258789,55.209999084472656,57.27000045776367,1903500,0.0,0.0,57.85999984741211,60.26900024414063,62.401500129699706,44.747776213916325,-0.9846576306775603,-0.09438993234997277,-0.8902676983275876,70.16723968191623,62.401500129699706,54.635760577483175,3133660.0,3784810.0,13.472866252081367,14.848898580595863,4.4443574632917136,109013445.87135315
